{
  "num_steps": 509,
  "total_tokens": 1945,
  "mean_accept_length": 2.821218074656189,
  "mean_tokens_per_step": 3.821218252182007,
  "accept_length_distribution": {
    "0": 60,
    "1": 41,
    "2": 48,
    "3": 141,
    "4": 219
  },
  "head_acceptance_counts": {
    "0": 449,
    "1": 408,
    "2": 360,
    "3": 219
  },
  "generated_text_length": 4046
}